<application>
  <component name="ProjectManager">
    <defaultProject>
      <component name="PropertiesComponent">{
  &quot;keyToString&quot;: {
    &quot;settings.editor.selected.configurable&quot;: &quot;CPPToolchains&quot;
  }
}</component>
      <component name="WindowStateProjectService">
        <state x="835" y="220" key="FileChooserDialogImpl" timestamp="1692147024263">
          <screen x="0" y="0" width="1920" height="1032" />
        </state>
        <state x="687" y="193" key="FileChooserDialogImpl/0.0.1920.1032" timestamp="1691618904232" />
        <state x="835" y="220" key="FileChooserDialogImpl/0.0.1920.1032/1920.0.1920.1032" timestamp="1692147024263" />
        <state x="687" y="193" key="FileChooserDialogImpl/0.0.1920.1032/3840.0.1365.672/1920.0.1920.1032" timestamp="1686197272491" />
        <state x="461" y="92" key="SettingsEditor" timestamp="1684282974661">
          <screen x="0" y="0" width="1920" height="1032" />
        </state>
        <state x="461" y="92" key="SettingsEditor/0.0.1920.1032/3840.0.1365.672/1920.0.1920.1032" timestamp="1684282974661" />
      </component>
    </defaultProject>
  </component>
</application>