<application>
  <component name="WebServers">
    <option name="servers">
      <webServer id="4b02d525-350f-4d6d-9b3d-8ae65c9e16bc" name="cuda (4b02d525-350f-4d6d-9b3d-8ae65c9e16bc)" url="http:///">
        <fileTransfer accessType="SFTP" host="75.191.38.75" port="45405" sshConfigId="ea34e03f-5115-49b1-9c23-86467dca67ea" sshConfig="root@75.191.38.75:45405 key" keyPair="true" />
      </webServer>
    </option>
    <groups>
      <group>
        <name>Remote Development</name>
        <mayChangeLevel>false</mayChangeLevel>
        <servers>
          <name value="cuda (4b02d525-350f-4d6d-9b3d-8ae65c9e16bc)" />
        </servers>
      </group>
    </groups>
  </component>
</application>